BuffID,NameColourTag,Name,Lore,Description,IconID,,,,,,
,,,,,,,,,,,
,,,,,,,,,,,
,,,,,,,,,,,
,,,,,,,,,,,
,,,,,,,,,,,
,,,,,,,,,,,
,,,,,,,,,,,
,,,,,,,,,,,
,,,,,,,,,,,
,,,,,,,,,,,
,,,,,,,,,,,
,,,,,,,,,,,
,,,,,,,,,,,
,,,,,,,,,,,
,,,,,,,,,,,
,,,,,,,,,,,
,,,,,,,,,,,
,,,,,,,,,,,
,,,,,,,,,,,
,,,,,,,,,,,
,,,,,,,,,,,
,,,,,,,,,,,
,,,,,,,,,,,
,,,,,,,,,,,
,,,,,,,,,,,
,,,,,,,,,,,
,,,,,,,,,,,
,,,,,,,,,,,
,,,,,,,,,,,
,,,,,,,,,,,
,,,,,,,,,,,
,,,,,,,,,,,
,,,,,,,,,,,
,,,,,,,,,,,
,,,,,,,,,,,
,,,,,,,,,,,
,,,,,,,,,,,
,,,,,,,,,,,
,,,,,,,,,,,
,,,,,,,,,,,
,,,,,,,,,,,
,,,,,,,,,,,
,,,,,,,,,,,
,,,,,,,,,,,
,,,,,,,,,,,
,,,,,,,,,,,
,,,,,,,,,,,
,,,,,,,,,,,
,,,,,,,,,,,
,,,,,,,,,,,
,,,,,,,,,,,
,,,,,,,,,,,
,,,,,,,,,,,
,,,,,,,,,,,
,,,,,,,,,,,
,,,,,,,,,,,
,,,,,,,,,,,
,\c[8],Snare,This unit is snared.,<red>rooted^<ltred>EVA-30%,16,,,,,,
,\c[8],Stun,This unit is stunned.,<red>cannot do any action,16,,,,,
,\c[16],Parrying,This unit is parrying enemy attack.,,19,,,,,,
,\c[2],Heal Penalty,Healing effects are reduced by 20%,,32,,,,,
,\c[2],Ninelives,Not this day!,<green>EVA+40 WILL+20,31,,,
,\c[17],BANZAI CHARGE!,Long live the Divine-God-Sun-Sugoi-Emperor!,<green>HIT+40 AR+25 AS+20^<ltgreen>MS+80% Will+100^<ltgreen>Gain temporarily Fearsome effect^<ltred>EVA-50,30
,\c[10],Frozen,Literally frozen!,<ltred>MS-35%^<ltred>AS-20%,10,,
,,,,,,,,,,,
,,,,,,,,,,,
,\c[10],Slow,,<red>Movement Speed -35%,10,,,,
,\c[5],Seen Through,This unit's position has been revealed.,<red>Forced out of ambush and prioritized as a target^<red>EVA-5,4,,
,\c[0],Taunt,0,,,,,,,,
,\c[1],Killing Frenzy,This unit is now a berserker!,<green>AD+20%^<green>Will+10,24,,
,\c[1],Inspired,This unit is rallied.,<ltgreen>ALL+8%^<green>Will+15%,33,,
,\c[3],Silence,This unit can't spell!,<ltred>cannot use any skill,14,,,,
,\c[5],Daze,This unit is Dazed!,<ltred>AD/Movement Speed/SPreg -15%,28,,,,
,\c[17],Fear,This unit is temporarily in a state of panic.,<red>flee!,11,,,,
,\c[3],Blind,This unit's eyesight is limited.,<ltred>HIT-33%^<ltred>EVA-15^<red>視界制限,13
,\c[16],Casting,literally casting magic.,<red>rooted,23,,,,
,\c[16],Spinning,casting skill.,<red>rooted,23,,,,
,\c[16],Poised,casting skill.,<red>rooted,23,,,,
,\c[16],Stepping,casting skill.,,23,,,,,,
,\c[3],Stealth,Sneaky sneaky...,<blue>Sneaking^<white>If the unit is under melee combat penalty$; this buff has no effect.,12,,
,,,,,,,,,,,
,,,,,,,,,,,
,,,,,,,,,,,
,\c[0],Dash,Moving toward direction,<green>EVA+50,20,,,,
,\c[0],Push Back,being pushed back!,,21,,,,,,
,\c[0],Knock Back,being knocked back!,<ltred>EVA-25,21,,,,
,,,,,,,,,,,
,,,,,,,,,,,
,,,,,,,,,,,
,,,,,,,,,,,
,,,,,,,,,,,
,,,,,,,,,,,
,,,,,,,,,,,
,,,,,,,,,,,
,,,,,,,,,,,
,,,,,,,,,,,
,\c[2],Adrenaline Rush,A prayer to the old gods,<ltgreen>Movement Speed doubled^<ltgreen>Attack Speed doubled^<green>WILL+20,24
,,,,,,,,,,,
,,,,,,,,,,,
,,,,,,,,,,,
,,,,,,,,,,,
,,,,,,,,,,,
,,,,,,,,,,,
,,,,,,,,,,,
,,,,,,,,,,,
,,,,,,,,,,,
,,,,,,,,,,,
,,,,,,,,,,,
,,,,,,,,,,,
,,,,,,,,,,,
,\c[1],Lance Charge,"Ride to ruin and the world's ending!",<green>AD+30%^<white>gradually gains additional MS bonus^<ltgreen>deals devastating damage and knocks back to a collied opponent,18,
,,,,,,,,,,,
,,,,,,,,,,,
,,,,,,,,,,,
,,,,,,,,,,,
,,,,,,,,,,,
,\c[1],reserve,,,,,,
,,,,,,,,,,,
,,,,,,,,,,,
,,,,,,,,,,,
,,,,,,,,,,,
,,,,,,,,,,,
,,,,,,,,,,,
,,,,,,,,,,,
,,,,,,,,,,,
,,,,,,,,,,,
,\c[1],Devastating Charge,"Ride to ruin and the world's ending!",<green>AD+30%^<green>MR+800^<white>gradually gains additional MS bonus^<ltgreen>deals devastating physical damage to a collied opponent and knocks back the opponent,18,,,,,,
,,,,,,,,,,,
,,,,,,,,,,,
,,,,,,,,,,,
,,,,,,,,,,,
,\c[1],Blade Dance,One-handed Sword Passive Effect.,<green>AS+50%^<green>Gain 8% of HIT as EVA bonus,1,,
,,,,,,,,,,,
,,,,,,,,,,,
,<ltgreen>,Griding Charge,,<green>gradually gains additional MS bonus^<ltgreen>deals big physical damage to a collied opponent and knocks back the opponent,18,,
,,,,,,,,,,,
,<green>,Legio Aeterna Victrix,"Oh Legion$; eternal Legion, eternal victory!",<ltgreen>ALL+10%^<green>HPreg+25,1,,
,,,,,,,,,,,
,,,,,,,,,,,
,,,,,,,,,,,
,,,,,,,,,,,
,,,,,,,,,,,
,,,,,,,,,,,
,,,,,,,,,,,
,,,,,,,,,,,
,,,,,,,,,,,
,\c[5],Shield Broken,The shield of this unit is broken!,<ltred>Shield EVA bonus nullfied^<red>Shield Wall tactic effect nullfied,7,,
,,,,,,,,,,,
,,,,,,,,,,,
,,,,,,,,,,,
,,,,,,,,,,,
,,,,,,,,,,,
,,,,,,,,,,,
,,,,,,,,,,,
,,,,,,,,,,,
,,,,,,,,,,,
,\c[16],Comitatenses,"The legion marches$; down the roads in ranks$; to wage war upon a distant enemy",<green>MS+70%^<white>Disengages during combat,9,,,,,,
